x,y,z,vx,vy,vz,m,id
0.48593906,-0.52435857,-0.5319823,0.46153894,-3.38E-02,-0.32276499,1.56E-05,1
-6.60E-02,8.08E-02,-0.27603051,-0.57578009,1.107815,-0.29340765,1.56E-05,2
-3.48E-02,7.68E-02,-0.39087987,-0.55399138,-0.17386098,5.93E-02,1.56E-05,3
1.5021045,1.4429832,1.449747,-9.03E-02,0.32661179,-0.31059352,1.56E-05,4
-9.55E-03,0.53834057,-0.26726374,1.19E-02,-1.19E-02,-0.40556487,1.56E-05,5
-0.35601652,-4.57E-02,0.33500561,-0.70900804,-0.64990276,0.39794922,1.56E-05,6
-0.39719045,-1.4016269,-0.75777179,4.13E-02,0.71818507,0.42262292,1.56E-05,7
-0.91665667,0.64347249,-0.14635019,-0.51185983,0.2201895,-0.52993709,1.56E-05,8
2.241766,0.79075593,0.29098877,0.29209882,5.33E-02,-0.47229016,1.56E-05,9
-0.97620893,0.44516286,-0.70549303,-0.12024228,-0.2312551,-0.22785689,1.56E-05,10
0.33382949,-2.80E-02,-4.90E-02,-0.40420324,0.42230287,-0.47567162,1.56E-05,11
2.3555684,2.3423939,-1.5989462,-0.24477883,-8.47E-02,0.14539891,1.56E-05,12
0.65948045,0.49584866,0.8178556,8.06E-02,0.92654443,0.49423912,1.56E-05,13
2.1353664,-0.50378293,-0.8323409,-0.49427491,0.22328275,0.18034133,1.56E-05,14
0.23547325,-0.99075449,-0.18244442,-6.91E-02,-0.16659899,-0.68207568,1.56E-05,15
-0.36888322,0.26220119,-0.24566109,-0.37122175,0.26815066,0.37048298,1.56E-05,16
-4.214149,-0.56758261,1.5577402,1.22E-02,4.43E-02,-5.26E-02,1.56E-05,17
-0.55026752,-0.63704252,-0.67401451,3.89E-02,-1.25E-02,7.41E-03,1.56E-05,18
-1.02E-02,-0.57118016,0.19154185,-0.35831872,0.14258298,0.47677302,1.56E-05,19
0.25641167,-0.61348087,0.2240925,-0.26484033,-0.17190184,-0.44283473,1.56E-05,20
-0.2755678,-0.11554593,-0.5106231,0.8073107,0.17237021,-0.23092064,1.56E-05,21
1.8203616,0.20383687,0.46778628,0.32501838,-3.21E-02,-6.86E-02,1.56E-05,22
0.58332342,-0.2590023,7.36E-02,0.16663916,-0.31408864,-0.16349158,1.56E-05,23
-0.71961069,-1.0293692,0.6785751,0.21907435,-3.91E-02,3.92E-02,1.56E-05,24
-0.63213152,-0.90977001,1.7356175,-3.97E-02,-0.45845926,0.39402243,1.56E-05,25
-0.19101709,-0.28118134,-8.99E-02,0.10830878,0.30374211,0.4948186,1.56E-05,26
0.67102236,-1.0002953,0.43006319,0.13628508,0.48389223,5.54E-02,1.56E-05,27
0.40325496,0.18871211,-0.43011239,-0.11596682,3.78E-02,-9.86E-02,1.56E-05,28
0.99780482,1.6278776,1.6072628,0.32858959,-0.36606911,-0.21682394,1.56E-05,29
-0.42724752,-9.91E-02,-1.0293671,-0.28489685,0.26896387,0.14992298,1.56E-05,30
0.67163134,-0.79235381,0.93807364,-0.5079087,-0.35842589,0.23244782,1.56E-05,31
-0.73281592,-0.51953155,-0.25627506,-0.43621168,0.39219463,0.17309675,1.56E-05,32
-0.28944343,0.31719753,-6.79E-02,-0.14172748,0.49258569,0.76863098,1.56E-05,33
2.02E-02,-6.82E-02,0.45494038,0.25917166,8.21E-02,-0.15499371,1.56E-05,34
1.4304693,0.19679941,1.0598367,0.20072359,-0.20510046,-2.03E-02,1.56E-05,35
-0.12961382,0.24261625,0.32733691,-0.51941729,-0.70201528,0.38201702,1.56E-05,36
-2.99E-02,-3.54E-02,-3.99E-02,6.88E-02,-0.37786004,0.81421191,1.56E-05,37
-0.99663883,0.20551425,-1.6665099,0.32409286,9.99E-02,-0.10643627,1.56E-05,38
-0.12638889,1.4702883,0.55818135,-0.20570169,-0.52278984,-0.40658629,1.56E-05,39
0.33297193,1.82E-02,-1.58E-03,0.76861095,0.10364534,-8.57E-02,1.56E-05,40
-1.6837348,-0.95081353,-1.6710527,-0.1833103,-0.53692645,-3.74E-02,1.56E-05,41
0.323769,-2.72E-02,0.14531049,7.97E-02,0.34021392,0.26895201,1.56E-05,42
-1.3287139,-0.61338234,2.1873145,0.25945202,8.66E-02,0.15742831,1.56E-05,43
-0.50153506,0.18281022,-0.27861619,-0.16910541,-6.20E-02,1.2245761,1.56E-05,44
-0.86986655,0.20864461,-0.27155313,1.053213,0.24830468,-8.67E-04,1.56E-05,45
2.0528893,3.6757843,-0.9832679,-6.78E-02,7.26E-02,0.1780652,1.56E-05,46
-0.76874292,0.74380237,-0.12248106,-0.48036167,-0.2660237,-0.33892214,1.56E-05,47
-0.84041619,2.0360968,-0.40958497,-0.28553402,-9.65E-03,-0.43191519,1.56E-05,48
1.4739195,1.5021782,0.65044665,-0.3408666,4.04E-02,7.61E-02,1.56E-05,49
5.91E-02,0.19579738,0.24504219,6.24E-03,-0.5733037,-3.09E-02,1.56E-05,50
-0.76481807,-2.3377211,0.67620218,0.23450658,0.3302848,-0.1949883,1.56E-05,51
-1.3033855,1.4249339,-8.76E-02,-0.36408469,0.17436835,0.46093681,1.56E-05,52
1.2420204,0.30775025,-0.52759504,-0.52319038,-0.27752966,0.28942409,1.56E-05,53
-4.91E-03,3.53E-02,0.11476529,0.19786213,0.34798923,0.49039519,1.56E-05,54
0.39786288,-0.25796643,0.40495792,0.88435835,0.38261342,-0.35811085,1.56E-05,55
0.2651217,-0.27922061,0.303911,0.25777829,0.2460219,0.80155921,1.56E-05,56
-0.54471827,1.3489025,-0.36359933,-2.98E-03,0.39472407,-0.60614663,1.56E-05,57
1.4634396,-0.90952653,1.011416,-6.57E-02,0.1894211,0.502231,1.56E-05,58
1.1087941,-0.54185331,-2.39E-02,-0.13385463,0.27840415,-0.33045363,1.56E-05,59
-0.60728079,-0.90744257,0.72871071,0.126323,0.5356338,0.31201315,1.56E-05,60
0.12921292,-0.3490774,-0.28502551,-3.08E-03,-0.33881837,-0.47351325,1.56E-05,61
0.17814474,0.17376961,-0.19894598,-0.52695018,-0.16451885,0.56281883,1.56E-05,62
-0.93598753,-2.431567,-1.3632797,-5.07E-02,-5.02E-02,-0.11348909,1.56E-05,63
0.19805875,-8.58E-02,-5.62E-02,-0.48543066,-0.2549752,-0.50907272,1.56E-05,64
-0.15445684,0.15841226,4.08E-02,0.79829335,0.17847799,0.712277,1.56E-05,65
1.2916397,-1.653003,-1.2628996,0.1364166,-0.19053431,-0.29447928,1.56E-05,66
0.9497565,0.1212036,-1.2238718,0.30469742,-0.62448621,0.42378181,1.56E-05,67
0.16860931,-0.16884719,-0.23366314,-0.57167238,0.29357466,-3.15E-02,1.56E-05,68
0.57257557,-0.17173123,-0.14241302,-0.23011598,0.61476743,-0.57739776,1.56E-05,69
4.38E-02,0.13037382,7.37E-02,-0.53685713,3.72E-02,-1.0353258,1.56E-05,70
0.22205508,-0.21546705,-0.41595542,0.50285846,-0.12290965,0.3583504,1.56E-05,71
0.89282358,-0.19621091,-4.93E-02,-0.50622129,0.19507934,0.64814329,1.56E-05,72
-0.90457737,0.62848395,-0.61896533,0.4066276,-0.21333241,-0.34122789,1.56E-05,73
0.22636211,0.41433719,3.58E-02,0.43669686,0.11779422,-0.39464268,1.56E-05,74
-0.59910339,-0.27020839,1.03563,0.1287808,0.40991536,-0.16699278,1.56E-05,75
0.15098228,-0.3339285,0.20585588,-6.17E-03,0.47703478,0.32756478,1.56E-05,76
0.24064155,0.31140581,0.3696309,-0.47277316,0.4915542,-1.1106941,1.56E-05,77
6.58E-02,3.75E-02,0.29357043,-0.29646766,-0.4633998,0.63238341,1.56E-05,78
8.05E-02,-0.56144536,-0.33656502,-0.35172519,-4.94E-02,-0.77399772,1.56E-05,79
-0.16221587,-0.35937905,-0.16322085,0.22903158,0.16089788,-2.54E-02,1.56E-05,80
0.1314294,0.98769301,0.67693657,-0.29316229,-0.16210365,-0.90652448,1.56E-05,81
-6.41E-02,-4.83E-02,9.30E-02,0.53931844,0.77985644,-0.30069637,1.56E-05,82
1.2972026,1.6374118,-1.5576919,-6.40E-02,6.57E-02,0.26850474,1.56E-05,83
-0.32111722,0.11327853,4.60E-02,0.92647552,-0.32347012,0.4512248,1.56E-05,84
0.48276791,-0.20978281,-0.42045546,0.40543237,-1.0940624,0.42378747,1.56E-05,85
0.96916533,-0.81218821,8.12E-02,-0.49112755,-0.57602555,0.55079192,1.56E-05,86
0.24206674,0.27205923,-0.53545171,-0.67887837,6.69E-02,-0.20873989,1.56E-05,87
0.14110936,0.39437774,-0.40060073,-0.38944709,-0.7272625,-0.15606596,1.56E-05,88
6.03E-03,-3.76E-02,3.22E-02,0.38867807,0.36550647,-0.22117679,1.56E-05,89
0.44054809,0.39190283,3.72E-02,-0.22361547,-8.46E-02,-0.28690147,1.56E-05,90
0.25135404,-0.32767385,0.27584097,-4.45E-02,0.40067354,0.27421069,1.56E-05,91
-0.85448295,0.80414313,5.21E-02,-0.1125448,3.02E-02,-0.62021768,1.56E-05,92
0.14010838,-3.91E-02,0.35962805,0.54147905,0.10457502,-0.40488583,1.56E-05,93
-0.14191519,4.09E-02,-0.28728962,-1.3277174,3.89E-02,0.15618291,1.56E-05,94
-0.60698521,-0.9092893,-5.71E-02,0.29913965,0.30381373,-0.27003291,1.56E-05,95
0.34965676,-2.99E-03,6.25E-02,0.57006359,0.48180217,-3.88E-02,1.56E-05,96
-6.79E-02,3.84E-02,2.98E-02,-0.60796863,1.5053834,-0.56808454,1.56E-05,97
3.61E-02,5.14E-02,-0.57130224,-0.45381543,0.35910988,0.76762617,1.56E-05,98
-0.32922438,0.99422508,0.22256193,-0.64667141,-0.42615122,0.20901483,1.56E-05,99
-0.71066791,-0.13789278,0.1164801,0.32682759,1.1431522,-4.88E-02,1.56E-05,100
9.39E-02,-0.9436307,-0.91089255,-0.46089694,-0.14305395,-0.54186916,1.56E-05,101
0.43931726,0.75181913,-0.64566141,0.12832771,1.08E-02,0.55123514,1.56E-05,102
0.13050003,-0.11862159,6.82E-02,-1.53E-03,0.21180665,0.15552713,1.56E-05,103
-0.27954847,0.32110962,0.41475374,0.72960448,-0.33767059,0.10704315,1.56E-05,104
0.23472567,-1.2275702,0.75333023,0.17628971,-3.44E-02,-0.36250082,1.56E-05,105
-0.50702918,0.6933338,0.39210624,-0.92076439,-0.39961252,-4.71E-02,1.56E-05,106
-9.82E-02,-5.28E-02,1.18E-02,0.41640195,0.20166914,0.54219115,1.56E-05,107
-0.11308241,-6.05E-02,-0.78928137,-0.40290058,-0.600474,0.79199213,1.56E-05,108
-1.4572583,-0.65427703,1.0689412,-0.30071178,0.16033375,-0.49747601,1.56E-05,109
9.05E-02,0.34433371,4.98E-02,-3.51E-03,-0.25588521,0.24043493,1.56E-05,110
2.0727623,-1.0201243,1.2395095,2.59E-02,-0.31013453,-0.1593675,1.56E-05,111
-1.5368557,-1.0364949,-1.879793,-0.22245729,2.52E-03,0.24338908,1.56E-05,112
0.21722879,0.26393801,0.10360141,0.80767733,0.76593447,0.37113866,1.56E-05,113
-0.18541226,7.58E-02,0.12885013,0.5992223,1.3662769,-2.35E-02,1.56E-05,114
-0.2614108,0.11935681,4.26E-02,-0.41190943,-5.40E-02,8.92E-02,1.56E-05,115
-5.69E-02,3.23E-02,-0.21543704,-0.47192281,0.98024768,0.80021816,1.56E-05,116
0.91725105,1.5776324,0.47349632,-0.27559221,0.1478335,0.39373079,1.56E-05,117
0.18764989,0.45230022,0.29370576,0.36616039,-0.49516928,-4.15E-03,1.56E-05,118
0.28861406,0.24361596,3.92E-02,0.42033991,-0.63555408,-0.29929683,1.56E-05,119
-0.689138,-1.4811603,2.3298178,-9.85E-02,3.45E-02,-6.43E-02,1.56E-05,120
-1.98E-02,-0.91438162,-1.2091002,0.15955073,-0.38365671,0.30889621,1.56E-05,121
-0.33401698,-0.42868578,-0.18856236,0.27299055,0.53854507,-0.62794918,1.56E-05,122
-2.26E-02,-0.13854024,0.1582129,0.53094906,0.87361622,0.72859663,1.56E-05,123
3.23E-03,-0.19857025,-0.40221316,0.20147236,-0.98140329,0.52219748,1.56E-05,124
-2.5023537,-0.74282491,-0.89110148,0.28823802,0.35716552,-0.34470484,1.56E-05,125
0.1716679,-0.20261179,0.30631107,-0.28233629,-0.17955221,0.22884735,1.56E-05,126
-0.62628913,-9.80E-02,1.5795006,9.20E-02,0.25623962,0.79428995,1.56E-05,127
-0.23891336,-3.42E-02,-5.91E-02,-5.06E-02,-0.26983842,-0.25836581,1.56E-05,128
1.9145894,1.0455784,-7.14E-02,-4.07E-02,-0.13794596,0.39439976,1.56E-05,129
-0.83611292,-1.3167282,0.94798702,6.02E-02,-6.77E-02,-0.42668644,1.56E-05,130
-3.3531818,-0.11866111,2.3184638,0.15708375,4.37E-02,-0.20048986,1.56E-05,131
-0.24494666,-0.19228551,0.28231224,0.23802032,0.41710365,-4.12E-03,1.56E-05,132
-0.54696089,0.9881627,0.22779979,0.28310573,-6.52E-02,-0.23487251,1.56E-05,133
0.24947169,2.13E-02,-2.53E-03,-0.42722887,-0.87481672,-0.38983026,1.56E-05,134
0.3395555,0.46704614,0.65317905,-0.26825863,-0.74467182,-0.31125399,1.56E-05,135
-1.6968815,-0.26435432,0.69824123,-0.35673681,0.22267723,0.28015506,1.56E-05,136
0.12629747,0.4382529,-0.54654813,0.18565026,-0.51210397,-0.24692997,1.56E-05,137
7.22E-02,-0.12066601,0.1120216,0.25253591,0.24517453,-0.19790755,1.56E-05,138
0.8251552,-0.26424128,-0.58356488,0.11858642,8.01E-02,-8.91E-02,1.56E-05,139
0.12083469,-3.80E-02,-0.24457732,-0.47939411,0.28678212,0.68826872,1.56E-05,140
0.69704491,1.5003377,-0.42464259,0.36225176,0.31704876,-0.1726533,1.56E-05,141
0.50221634,4.00E-02,-1.7758552,8.31E-02,0.53797787,-0.36653703,1.56E-05,142
-0.972947,-0.35298339,-1.7914851,-0.14322001,8.44E-02,-3.20E-02,1.56E-05,143
-8.38E-02,0.10050384,0.37283686,-9.50E-02,0.53204221,-0.22980571,1.56E-05,144
-0.87863451,1.827185,0.72292686,-0.26195294,-0.30908597,0.43170929,1.56E-05,145
1.96E-02,8.20E-02,-7.04E-02,-2.73E-02,0.19882734,0.59182894,1.56E-05,146
0.51143718,0.22739799,4.72E-02,-0.13738109,0.51018304,-0.31537169,1.56E-05,147
0.64765602,-0.61455119,0.17498624,0.21624225,-1.11E-02,-9.57E-02,1.56E-05,148
-0.1284498,-0.58612376,8.34E-02,0.26281044,-0.62450683,0.66487432,1.56E-05,149
0.29549628,-1.95E-02,4.38E-02,4.26E-02,0.52234149,0.72664762,1.56E-05,150
-0.78552151,2.7753572,-1.4939466,-6.49E-02,0.12922621,0.23290998,1.56E-05,151
2.4543476,0.12943812,2.8135836,-0.21673775,0.12344173,0.30513901,1.56E-05,152
1.53E-02,-0.97082049,0.73379296,9.49E-02,0.20524999,-0.28889519,1.56E-05,153
-0.4853794,0.16499211,7.57E-02,0.61137706,0.1261372,0.11108218,1.56E-05,154
-0.57281953,-0.11261696,-0.18463641,0.64500082,0.77414221,-2.21E-02,1.56E-05,155
-0.40882328,0.16960247,-0.62258881,-8.81E-03,0.21220556,-0.43142959,1.56E-05,156
1.0474499,-0.88423741,-1.7640435,8.62E-02,-1.49E-02,0.14348678,1.56E-05,157
2.4712777,2.45E-02,0.33761379,0.15230234,0.20676996,-0.46400449,1.56E-05,158
0.58861291,-0.63408393,4.20E-02,0.54511213,5.17E-02,0.35463721,1.56E-05,159
0.92030257,-0.18411887,0.51539683,-0.14112332,0.69738436,0.36959124,1.56E-05,160
-0.17194121,5.24E-02,0.52172661,-0.2881324,-0.58846688,0.32572198,1.56E-05,161
0.73727953,-0.99222225,-0.70401448,0.28103387,-0.34322569,1.14E-02,1.56E-05,162
-0.37288183,0.55566519,-0.6017822,0.71354508,-0.53296953,0.20579843,1.56E-05,163
-0.1962046,-0.57530433,0.65616626,-7.91E-02,-3.51E-02,2.45E-02,1.56E-05,164
-1.0030842,2.88E-02,-0.86212039,0.39917046,0.370083,-0.2094782,1.56E-05,165
0.43428931,-0.53178304,-0.91183794,0.49334449,-0.10768384,-0.11171952,1.56E-05,166
0.1806132,2.3347743,-0.38186204,-0.34993261,1.16E-02,3.56E-02,1.56E-05,167
-0.22858413,9.21E-02,-5.37E-03,-0.12550648,7.17E-02,-6.17E-03,1.56E-05,168
-7.18E-02,-0.17871997,-0.24792224,-0.30281362,0.12922566,0.36163288,1.56E-05,169
0.30898416,0.12902521,0.47853857,0.92476571,0.52920288,-0.22958001,1.56E-05,170
5.57E-02,0.41655409,-0.11203421,1.1730647,-0.56874901,0.29227951,1.56E-05,171
0.11522517,0.78987503,0.18760139,0.51629651,0.69362968,-7.80E-02,1.56E-05,172
-0.1233116,-0.68063968,-1.1223079,-0.37290889,7.45E-02,-0.16110508,1.56E-05,173
0.243577,0.60457635,-0.13298909,0.15479015,0.63382363,0.25481099,1.56E-05,174
5.59E-02,0.67797792,-0.85792053,-0.40574846,7.01E-02,-0.69401377,1.56E-05,175
-0.99877769,2.4209087,-0.83439958,-0.16913877,0.26410991,-0.10356778,1.56E-05,176
0.24079464,-0.45022064,-1.73E-02,8.84E-02,0.49526641,-0.39421904,1.56E-05,177
1.90E-02,0.23020183,-0.41764894,-0.79480767,0.13952921,0.68894947,1.56E-05,178
8.46E-03,-0.3809903,-8.62E-02,-0.49890754,0.56645024,-0.71739966,1.56E-05,179
-0.38207793,-0.81093049,-1.3051165,0.36992806,-7.55E-02,-0.48410195,1.56E-05,180
-0.28728181,-0.16091762,0.33811295,-0.2501986,2.98E-03,-0.3869063,1.56E-05,181
0.68303102,-0.56802613,0.23078929,-0.61055088,0.17580581,0.56534815,1.56E-05,182
-1.9997615,1.2992254,-1.8024474,-0.13346352,-0.35191959,-0.19878794,1.56E-05,183
0.41900086,0.1132927,0.54069209,0.1302982,1.0297327,-4.11E-02,1.56E-05,184
-0.93124664,-0.14294063,0.36490902,-0.19849354,0.18638462,-5.21E-02,1.56E-05,185
0.71459025,1.0175024,-1.4900873,-0.45886901,0.50855815,-0.18138731,1.56E-05,186
0.33350047,-0.15607047,0.23732139,-0.61561513,9.10E-02,-0.65002126,1.56E-05,187
0.5142048,8.39E-02,0.11974552,0.88913268,0.244353,-0.43100649,1.56E-05,188
-0.19107004,-1.493486,-0.93485224,0.12041575,-0.25921297,0.33034202,1.56E-05,189
-0.99870276,-0.95131105,0.57138574,-4.11E-02,0.76558352,-0.33947492,1.56E-05,190
-0.58868247,0.47263494,-0.48671088,0.21471623,0.97256064,-8.08E-02,1.56E-05,191
0.28199482,-0.16942859,-0.11463428,-0.29564866,0.53199804,7.03E-02,1.56E-05,192
-2.61E-02,-0.48969293,-0.10786653,0.16215393,0.16771366,-6.19E-02,1.56E-05,193
1.002852,-0.9821223,-0.93526918,0.74634069,-8.91E-02,0.31096837,1.56E-05,194
1.7103184,0.60797602,-0.75165242,-0.35592929,-0.18617074,0.23689801,1.56E-05,195
-0.13231727,0.33102179,0.61060303,0.82509023,-0.7212401,-0.12871641,1.56E-05,196
-1.7270395,0.71271628,-0.59619898,0.29411924,0.34597096,-0.13573857,1.56E-05,197
-0.33376402,-0.17128113,6.14E-02,0.11803188,1.027245,0.2026926,1.56E-05,198
-0.72480434,3.81E-03,4.43E-02,-1.79E-02,-4.75E-02,0.37602124,1.56E-05,199
5.68E-02,0.15664816,-8.77E-02,0.18485706,0.24341528,-0.4803066,1.56E-05,200
0.57626474,0.1946972,5.83E-02,0.32993767,0.91944551,0.40502954,1.56E-05,201
-0.14353451,1.3078599,-0.27255273,6.75E-02,9.60E-02,-9.29E-02,1.56E-05,202
0.11587931,-0.82213402,-0.70759952,-0.26337343,0.2563307,-0.26372758,1.56E-05,203
-1.0304155,2.4437146,-0.13163549,-0.25934348,-0.31524155,-0.43118653,1.56E-05,204
4.59E-02,0.7935372,0.27954921,2.01E-02,0.39507389,0.78102189,1.56E-05,205
2.1708076,-0.9267329,-1.2415535,-0.28236115,9.47E-02,1.59E-02,1.56E-05,206
-0.51226366,7.98E-02,-0.38234344,2.61E-02,0.20716529,-0.23458213,1.56E-05,207
-6.70E-02,-0.21112619,0.20958719,-0.15481834,-0.11124495,-0.58951652,1.56E-05,208
-1.41E-02,7.34E-03,1.68E-02,0.21919069,-0.34510571,0.3370969,1.56E-05,209
3.30E-03,0.11960874,1.23E-02,1.15377,0.50908166,0.64103794,1.56E-05,210
-0.33195075,2.61E-03,0.19736585,0.1574692,-0.60598725,-6.26E-02,1.56E-05,211
-0.87362832,0.44976386,0.86866933,-0.26599136,0.3994889,-4.18E-02,1.56E-05,212
1.7393253,-0.78929985,-1.2106491,-0.43735147,-7.63E-02,0.37393555,1.56E-05,213
-0.51506722,0.28499269,0.30617958,5.56E-02,0.51494002,-0.14540312,1.56E-05,214
0.55293572,-0.51231056,-0.32276556,0.43527043,8.54E-02,6.56E-02,1.56E-05,215
-0.81174535,-0.80791485,1.072233,0.31365505,0.17544787,0.1647311,1.56E-05,216
0.97750139,0.39500272,-3.5111299,0.26722315,-0.18848664,-0.17754407,1.56E-05,217
-0.12203956,-0.79148334,0.81647629,-0.20227824,-4.68E-02,0.19413388,1.56E-05,218
0.46827185,-0.64355403,-0.55485106,-0.45364219,-0.25171107,0.6536954,1.56E-05,219
-1.3610587,0.4827452,-2.3482018,0.30293092,-1.45E-02,-0.14733581,1.56E-05,220
7.70E-02,1.48E-02,-0.20770514,0.80261207,0.12538309,1.1376851,1.56E-05,221
-0.18539934,0.69325972,-0.50384939,-0.22286001,0.3447524,-0.35691339,1.56E-05,222
1.91E-02,0.17812383,-1.84E-02,-0.4996244,-0.22260022,0.30409569,1.56E-05,223
0.63348192,-0.27475742,0.21450059,-0.2756789,-0.72519106,-0.14198944,1.56E-05,224
0.27907699,-1.2019763,-0.46124148,0.22469878,4.14E-02,0.22367884,1.56E-05,225
0.64746201,-0.49953234,-0.30309454,3.43E-02,0.74668652,2.82E-02,1.56E-05,226
-0.29513836,0.53511012,-0.38529027,-0.54201657,0.50586671,0.17538732,1.56E-05,227
0.55462229,-0.12552342,-0.11803581,-0.41950446,0.21192427,-0.22846308,1.56E-05,228
-0.41923273,-1.0534393,-0.60258597,-0.18806273,0.34900469,-0.1857062,1.56E-05,229
0.46062008,0.91186726,-0.63577342,3.95E-02,-0.55144471,-6.09E-02,1.56E-05,230
0.34239793,0.25101024,0.29906756,0.67926997,-0.20117326,0.55806476,1.56E-05,231
1.8131627,-0.29188266,1.5883271,0.13426805,0.10678142,-0.12010714,1.56E-05,232
0.62137574,0.35295874,-1.1548849,5.12E-02,6.34E-02,0.2945542,1.56E-05,233
-0.12297495,-2.2928276,1.1893728,-0.47630084,-2.42E-02,-0.14045925,1.56E-05,234
1.6778476,0.29552922,-0.69046974,0.22401831,-0.11967681,0.63666952,1.56E-05,235
0.51478201,0.45936474,0.3235715,0.6820966,-0.15670706,0.451637,1.56E-05,236
0.18622234,8.74E-03,-6.71E-02,0.24267781,0.20336461,7.02E-02,1.56E-05,237
-0.31675062,0.5551008,-0.33178002,0.23569535,0.22665866,-0.36040986,1.56E-05,238
-0.17841396,-8.71E-02,0.33312413,-0.58019239,-0.2778846,0.6203149,1.56E-05,239
-0.1765077,-0.10045614,-3.46E-02,-0.66848284,-0.22794689,-0.44072285,1.56E-05,240
1.5869766,0.4381088,-0.49637192,-0.29879609,-0.22138724,4.98E-02,1.56E-05,241
-1.4173458,-1.2605957,-9.92E-02,0.23468298,-0.38382453,0.41506219,1.56E-05,242
-3.612592,-1.2520571,8.62E-02,-2.17E-02,-7.86E-02,-0.19218746,1.56E-05,243
-0.64771825,-0.79789275,-0.20182192,-0.21586944,-0.5595271,-8.59E-02,1.56E-05,244
0.752298,1.0548239,1.3391527,-0.37233379,-0.12139521,0.27338892,1.56E-05,245
0.39944732,0.1228495,0.95421469,0.17603236,-0.53011888,0.22472081,1.56E-05,246
-3.23E-02,0.13732693,-8.64E-02,-0.22038364,0.28583878,0.45981973,1.56E-05,247
-0.56286025,-0.45772281,0.54671347,-2.16E-02,-0.24879144,0.51621473,1.56E-05,248
0.29996422,0.41752368,0.28552166,-0.58007705,0.2021538,7.68E-02,1.56E-05,249
0.28329676,1.5848699,2.7310872,-0.40132543,2.89E-02,0.24794357,1.56E-05,250
-4.09E-02,9.26E-02,-0.13054657,-0.51485705,0.42517129,-0.15101613,1.56E-05,251
0.30993316,0.22787118,0.51868826,0.54184699,-0.19630434,-0.25442904,1.56E-05,252
0.22447921,-0.11133075,-3.92E-02,0.18165718,-0.22796802,0.11115826,1.56E-05,253
0.20330033,1.770468,-0.42199549,-0.39235967,0.36435431,-9.03E-02,1.56E-05,254
2.702821,0.32418376,-1.6568969,-0.1914175,4.65E-02,-0.18883653,1.56E-05,255
-0.10889336,4.99E-02,0.2422103,2.81E-02,-0.62670684,0.42949286,1.56E-05,256
-0.70447904,-0.86535162,-2.67E-02,0.26910865,-0.34371582,-0.2768603,1.56E-05,257
0.4715403,0.32507691,-2.46E-02,0.48338106,-0.11550587,0.35368413,1.56E-05,258
-0.20767491,0.42593119,-9.85E-02,-0.79366243,0.2261785,-0.34153777,1.56E-05,259
3.67E-02,0.15111253,-0.31759143,-0.13110837,-0.14208664,-0.87030816,1.56E-05,260
-2.5796888,1.0870072,-0.88871533,-9.08E-02,-0.33350348,-2.77E-02,1.56E-05,261
-0.75790834,-0.1516604,0.30789843,-0.5487507,-2.73E-02,-0.42726287,1.56E-05,262
0.37941623,0.28748927,-0.52752441,0.61557436,0.22793446,-0.26618156,1.56E-05,263
-0.61351025,0.51423949,-1.84E-02,-0.34009105,7.60E-02,0.57806218,1.56E-05,264
-6.87E-02,0.28313401,0.18545112,0.21430975,5.39E-03,0.47983074,1.56E-05,265
-0.86349291,0.22667275,-0.77932107,0.64657634,1.56E-02,0.2095786,1.56E-05,266
0.12509207,9.34E-02,0.21542965,-0.30582759,0.16700099,-0.17452542,1.56E-05,267
-8.59E-02,0.45003086,0.25155348,-0.35662007,0.52105397,0.49574175,1.56E-05,268
-7.43E-02,-1.1061503,0.39977896,-6.32E-02,-5.68E-03,-0.26785511,1.56E-05,269
-7.99E-02,6.67E-02,-0.13684788,0.84739441,0.9059481,-0.92766976,1.56E-05,270
-0.93609744,1.7611288,6.68E-02,0.63722277,-0.12525012,-7.63E-03,1.56E-05,271
0.10064338,0.47750562,8.48E-02,-0.26770627,0.47799212,-0.18366428,1.56E-05,272
-8.14E-02,0.77783173,0.77938718,-0.1805094,3.10E-02,2.52E-03,1.56E-05,273
-0.84454286,2.373394,0.12235466,-3.71E-02,8.74E-02,-9.59E-02,1.56E-05,274
8.00E-02,-0.35257566,0.2916638,1.52E-02,0.62504727,0.18684442,1.56E-05,275
0.16693273,0.102617,0.13728449,-0.20533596,0.69461012,-0.25592482,1.56E-05,276
0.93649381,0.71462226,0.3102451,-0.55622697,-0.21156774,-0.4446758,1.56E-05,277
-6.29E-02,0.30295211,0.67660266,-0.85081214,-0.54785746,-0.2590141,1.56E-05,278
1.130126,1.4398057,-0.39706585,2.27E-03,-0.35846239,0.3781369,1.56E-05,279
-0.4154416,-0.49651247,1.3091167,-0.28391647,-0.27221251,-6.74E-02,1.56E-05,280
-0.39316714,0.83541012,1.2486792,0.63532591,0.16355018,-0.18942662,1.56E-05,281
-0.43274465,1.8339612,0.90795487,-0.29212102,0.29557624,0.20776795,1.56E-05,282
1.5196189,-0.56656021,0.99955553,0.47904474,-0.30031714,-5.34E-02,1.56E-05,283
2.0685723,0.73098612,-7.66E-02,-0.3830111,6.27E-02,5.59E-02,1.56E-05,284
0.41614035,-0.18354364,8.19E-02,0.70872432,-0.58532578,-0.96309024,1.56E-05,285
-0.51067168,0.14730074,-0.39147985,-0.2345909,0.45455882,-0.61105651,1.56E-05,286
-0.35413519,0.46781313,0.2386581,0.13000983,0.22279385,8.92E-02,1.56E-05,287
0.515329,-0.42415142,-0.41336665,0.25714469,-0.50891441,0.51943684,1.56E-05,288
-0.38142121,3.16E-02,0.3708882,-0.3873536,-0.17943704,0.39354706,1.56E-05,289
0.96148491,0.533445,0.12041605,3.98E-02,0.21090637,-0.12811516,1.56E-05,290
-0.53173006,-0.23742913,0.41535404,-0.21488078,-0.16702944,0.49509543,1.56E-05,291
-2.81E-02,1.6860836,0.63088804,-8.99E-02,6.47E-03,-0.22680008,1.56E-05,292
8.67E-02,-0.95490092,-0.39527911,0.53244275,0.62943429,0.19628353,1.56E-05,293
-1.5034708,0.91168952,2.1833978,-0.1260104,4.46E-02,0.38612327,1.56E-05,294
0.14593311,0.41052952,-0.7225945,0.65775216,7.77E-02,2.44E-02,1.56E-05,295
8.76E-02,-0.2707383,-1.06E-02,-0.84690553,3.95E-02,0.53193837,1.56E-05,296
1.39428,0.42499727,0.74444586,-0.39935538,0.47954094,-0.41508085,1.56E-05,297
6.76E-02,4.71E-02,-0.47452602,0.69016272,0.49419254,0.2146806,1.56E-05,298
-4.54E-02,-0.10909105,2.14E-02,1.0433478,0.52604491,-0.24658746,1.56E-05,299
-0.36637369,-0.12570457,-0.86645204,0.31609765,0.10461523,-0.25550872,1.56E-05,300
0.39198935,0.2685031,0.49296856,0.6290279,0.29327324,0.26414382,1.56E-05,301
0.98950857,-1.0504085,-1.1753542,-0.14379947,8.89E-02,-7.02E-02,1.56E-05,302
-0.47800502,-0.27704042,-0.16185431,-7.95E-02,0.15093489,0.14900678,1.56E-05,303
7.12E-02,1.6513312,1.1625471,0.10717154,5.49E-02,0.10199433,1.56E-05,304
0.53829592,0.16923364,-0.22362369,-0.10240927,0.42121404,7.25E-02,1.56E-05,305
-0.94531679,0.31214491,0.35263771,5.94E-02,0.72087032,-0.40380594,1.56E-05,306
-0.28377065,2.53E-02,-0.11840436,-0.80036366,0.79963249,-0.35039482,1.56E-05,307
0.32218251,0.83174825,-0.80710602,-0.12089497,0.6175251,0.1349877,1.56E-05,308
0.11660702,-0.50233436,0.38203615,-0.507204,0.74384737,-0.69093639,1.56E-05,309
0.71181095,0.13509011,-0.62893158,0.35636061,0.13634235,0.54300201,1.56E-05,310
0.50584841,-0.57148957,-3.92E-03,-0.7719118,6.60E-02,-8.00E-02,1.56E-05,311
-0.46350232,1.9328406,0.24875194,-5.34E-02,-0.44732878,7.19E-02,1.56E-05,312
0.98628372,-0.5162093,-0.13993938,-0.44415781,-0.17645752,-0.13736281,1.56E-05,313
-0.27032411,-0.23714963,-0.26609147,0.50454164,0.4497427,8.92E-02,1.56E-05,314
0.53506649,-0.61489856,0.51522493,8.24E-02,0.44471943,0.34735709,1.56E-05,315
0.19598153,0.76727778,0.67808247,-0.37272504,-0.14214386,0.43307438,1.56E-05,316
1.055941,-0.88350648,-0.3441669,0.36793706,-2.08E-02,-0.30979574,1.56E-05,317
0.11331665,-0.22331834,-0.252251,-0.83601987,-0.26759794,0.31297877,1.56E-05,318
-0.91902936,-0.7359063,-0.18020359,6.43E-02,3.37E-02,0.51878107,1.56E-05,319
1.3141671,8.68E-02,-0.44549274,-0.51497865,-0.12057751,-0.78079116,1.56E-05,320
0.13460678,-0.96559978,-0.30588317,0.35591662,-0.24827288,-0.28230742,1.56E-05,321
0.36005229,-0.88999474,-2.1128249,8.66E-02,9.09E-02,-2.89E-02,1.56E-05,322
5.80E-02,0.10182667,7.16E-02,-0.29148635,-0.32911852,-0.5413307,1.56E-05,323
-7.93E-02,0.31689739,1.31E-03,-0.27951932,0.22434345,0.56451094,1.56E-05,324
4.07E-02,2.1719522,-0.23199035,-0.10310993,-0.23866808,-0.47693852,1.56E-05,325
-0.32339734,1.8990886,0.47180232,-0.52724326,-0.14726594,0.320676,1.56E-05,326
0.13267775,-8.78E-02,0.20018412,-7.23E-02,0.73805368,0.84305894,1.56E-05,327
0.46687785,4.61E-02,0.11961685,-0.71765298,-0.47255901,2.05E-02,1.56E-05,328
0.97582304,0.5414173,-0.26331308,0.18383928,-6.92E-02,0.49869168,1.56E-05,329
-0.1355291,-0.447588,-0.31374547,-0.69280452,-0.61121392,0.35875684,1.56E-05,330
-3.43E-02,-0.43494916,-8.94E-02,-0.81368923,0.2881352,-0.28160805,1.56E-05,331
0.21281248,-1.0633487,1.0450075,0.17688121,-3.45E-02,0.39961755,1.56E-05,332
-0.15003763,-1.0434295,-0.46640152,-0.50077158,-0.13162151,0.3683556,1.56E-05,333
-5.52E-02,-0.14568651,0.25244138,-0.59614611,0.16894041,-0.21197763,1.56E-05,334
-0.86294895,0.43548682,-0.79483318,-0.24180293,0.59238619,-0.61320889,1.56E-05,335
-0.39765754,0.15967491,-0.49329922,-0.32544932,3.31E-02,-0.40847576,1.56E-05,336
0.52748632,0.74521792,1.3288758,-9.11E-03,7.87E-02,-0.27009249,1.56E-05,337
0.62259573,-0.19575584,-0.13338917,-0.58098173,-0.5012086,-0.41439968,1.56E-05,338
0.39727846,0.17348978,0.95721787,0.23715726,-0.37473521,0.20058207,1.56E-05,339
3.17E-02,2.06E-02,0.16066052,0.36184299,-0.26072925,0.13222665,1.56E-05,340
0.17299864,-3.71E-02,-0.28626293,-0.97815257,-0.1336782,0.69655746,1.56E-05,341
0.25153467,-7.96E-02,-5.41E-02,0.67504573,3.24E-02,-0.58832216,1.56E-05,342
-0.56809223,-0.20741163,1.2275637,-7.52E-02,0.49620524,-0.14763375,1.56E-05,343
-0.56717324,-0.23913053,9.67E-02,-0.32965127,-0.86377925,-3.34E-02,1.56E-05,344
-0.41041046,-1.0453442,-0.14080419,0.54115993,0.39038822,-0.28975245,1.56E-05,345
-0.1681411,-0.1069638,0.11900374,0.44335821,-7.96E-02,0.5867756,1.56E-05,346
1.4721574,-0.41009593,1.0303051,0.15688959,0.27835423,-0.25987244,1.56E-05,347
-0.13433206,-0.31707087,0.16003652,0.75030905,-0.90880191,-0.15334736,1.56E-05,348
9.19E-02,-6.52E-02,0.11843926,1.0197579,-0.56275922,-0.57792276,1.56E-05,349
-1.1225096,2.5823071,-0.92629063,-0.22902557,-5.30E-02,2.46E-03,1.56E-05,350
-0.46905857,-2.03E-02,0.51008445,0.11803107,0.37472677,-0.84628505,1.56E-05,351
0.51843983,-0.39327034,-0.36694911,-0.57185566,-0.40738815,-0.17166054,1.56E-05,352
1.0105299,-0.24545673,5.89E-02,0.66339624,-0.4356668,0.24214977,1.56E-05,353
-0.49726203,-1.2744747,-0.82123786,-0.17740317,0.20301904,8.68E-02,1.56E-05,354
0.65676469,-0.47280198,0.31398365,-0.13151844,0.16104957,0.70544517,1.56E-05,355
1.2372293,1.7517148,0.54880637,-9.88E-02,-0.37498957,-0.2700637,1.56E-05,356
4.60E-03,-2.27E-02,-1.94E-02,-0.16702448,0.52482682,-0.21897262,1.56E-05,357
3.20E-02,0.48533112,0.17575109,0.5417136,0.47011244,-9.58E-02,1.56E-05,358
0.80669844,-8.12E-02,-0.11490066,4.96E-02,0.97868466,-0.36945933,1.56E-05,359
0.17224839,0.34213218,-0.45085216,0.13389836,-0.55911428,-0.16513269,1.56E-05,360
-0.5875085,7.89E-03,-0.80013776,0.45531806,-0.72679842,0.26706085,1.56E-05,361
-0.66963536,0.26557371,-7.89E-02,0.66592878,0.51046425,-5.71E-02,1.56E-05,362
1.181008,0.23490992,2.8505852,-6.29E-02,-9.46E-02,0.35739565,1.56E-05,363
-6.46E-02,-0.17696841,-3.10E-02,7.92E-02,-0.94593048,-1.83E-02,1.56E-05,364
0.63638085,-0.23290433,-0.10218753,0.48670807,0.57228297,5.02E-02,1.56E-05,365
-1.0700201,-0.30092645,0.76662892,0.12455814,-0.6105203,-0.32944545,1.56E-05,366
-2.1937571,0.26760718,0.44886333,9.33E-03,-0.26974899,-0.23137195,1.56E-05,367
0.22529157,-0.22894993,0.35499889,0.11878949,0.57988006,0.2032401,1.56E-05,368
-9.61E-02,0.91147512,-0.14611255,-0.28982669,0.51938069,-0.40831235,1.56E-05,369
7.40E-02,-2.75E-02,-6.88E-02,-3.46E-02,-0.38223553,0.75367689,1.56E-05,370
1.5750757,1.1031951,-0.58525735,-0.19972949,-0.11676794,0.12613839,1.56E-05,371
-2.51E-02,-1.88E-02,3.13E-02,-0.43105796,0.68737227,-0.12377404,1.56E-05,372
-0.2205902,-8.08E-02,-7.90E-03,0.55826879,-0.10970885,-0.38294381,1.56E-05,373
-8.59E-02,-0.18256867,1.24E-03,-0.61869085,0.47210592,-0.11704142,1.56E-05,374
0.21098028,-0.46922606,-3.29E-02,0.5065484,0.27024665,0.8506617,1.56E-05,375
-0.69235861,7.63E-02,-0.37319058,0.25223738,6.56E-02,-0.81722283,1.56E-05,376
0.20936595,-0.22897823,-0.23425248,-0.85662967,-1.37E-02,-0.28165746,1.56E-05,377
-8.93E-02,-0.21616901,2.16E-02,0.26376715,0.29812387,0.4857648,1.56E-05,378
1.2260393,4.61E-02,0.34156421,0.23691088,-0.21242444,-6.35E-02,1.56E-05,379
2.0538263,1.2442348,-0.40797853,-0.15558809,0.42442194,0.24860694,1.56E-05,380
0.80549866,0.16401686,0.93956655,0.33552545,0.59032142,-7.11E-02,1.56E-05,381
1.22E-02,-0.47030705,-0.21952091,0.5789631,0.28435788,-0.31884867,1.56E-05,382
-0.20127307,0.48487163,-0.11724968,-0.38076749,0.48373696,-0.47069085,1.56E-05,383
0.12572338,3.85E-02,-6.72E-02,0.52757102,0.48673812,0.14716811,1.56E-05,384
-0.62405866,-0.6958105,1.3070368,0.17185234,-0.10904293,0.15235309,1.56E-05,385
-8.99E-02,0.48653987,-0.56303942,0.30740792,-0.57421672,0.3786988,1.56E-05,386
-0.65206784,-0.46981055,-1.96E-02,0.25724107,0.49147028,-0.24026941,1.56E-05,387
-0.12265854,0.13588099,0.24332969,-6.06E-02,0.2227719,0.43970025,1.56E-05,388
0.31811449,1.3366485,-0.32775426,0.13610995,-0.5262323,0.13013905,1.56E-05,389
0.56700838,-6.83E-02,5.96E-02,0.40212464,-0.1505827,-0.47555608,1.56E-05,390
-1.8657866,1.3480362,1.3643506,-0.36876452,-8.51E-02,-0.10623525,1.56E-05,391
-0.41678938,-0.18022472,8.24E-02,-0.30712637,-1.001243,0.65498036,1.56E-05,392
-0.2057001,6.26E-02,-0.15486695,0.462511,-0.35155067,-0.8639856,1.56E-05,393
-0.67011458,0.55548865,1.1098717,-0.52896428,0.43734738,0.32469079,1.56E-05,394
-0.17918012,0.48373753,-0.14560317,-5.30E-02,-0.49634236,-0.13081419,1.56E-05,395
0.36447889,0.84661412,-0.56854433,-0.2713652,-3.06E-02,0.26190901,1.56E-05,396
-0.24721625,-6.78E-02,-0.15767765,0.13877875,-6.44E-02,9.54E-02,1.56E-05,397
7.13E-02,0.18249033,-0.32650322,-0.29200307,0.84540129,-1.2089292,1.56E-05,398
-0.84841275,-2.1014841,0.67185861,0.53342825,-0.18050525,0.19720519,1.56E-05,399
-0.67008197,0.54372382,-0.19256631,-0.9404757,-0.2935476,-0.55626285,1.56E-05,400
1.8547716,-0.22383182,-1.4230119,8.03E-02,0.12162291,-0.30540335,1.56E-05,401
-8.16E-02,-0.18828367,-2.39E-02,0.24457262,-0.56288171,0.44870892,1.56E-05,402
5.93E-02,-1.0991182,5.06E-02,-0.19678271,-0.19015084,-0.63869393,1.56E-05,403
0.46582514,-5.48E-02,-0.50473237,0.4888843,-0.63379115,-0.63016886,1.56E-05,404
1.8720882,1.61E-02,0.81879312,9.98E-02,-0.15338841,-0.42476106,1.56E-05,405
0.16343877,-0.2035663,0.11557806,0.5661661,4.00E-02,0.85604173,1.56E-05,406
-0.37196663,-0.48482668,-3.39E-02,0.60854566,0.17487137,-0.11214996,1.56E-05,407
1.0661591,0.41823116,0.39468884,7.70E-02,9.92E-02,0.54217952,1.56E-05,408
-0.11265398,1.0049944,-0.14060141,0.2901454,0.32996774,-0.40541437,1.56E-05,409
1.2593144,1.382818,-3.75E-02,-0.38374549,-7.63E-02,0.16353399,1.56E-05,410
0.67706156,-0.42881602,0.64408237,-0.29905474,7.66E-02,0.15050673,1.56E-05,411
0.45008251,-1.1701524,1.3551643,2.07E-02,9.72E-02,-0.30129436,1.56E-05,412
0.45930827,-2.94E-02,-0.36048287,-0.25965533,-0.11350541,-3.59E-02,1.56E-05,413
-0.73022878,1.1789756,0.51578081,0.14007011,0.12548026,2.06E-02,1.56E-05,414
0.61122513,0.48355237,0.31803736,7.05E-02,-0.64485013,6.72E-02,1.56E-05,415
-0.22690266,1.1006079,0.57120377,-0.28928983,-0.30109581,3.82E-02,1.56E-05,416
0.11931372,0.85850221,0.25594836,0.1803118,3.27E-02,0.45347387,1.56E-05,417
-0.26170075,1.18E-02,-0.68328995,-0.26565039,0.1696665,-0.17553726,1.56E-05,418
0.24701607,-0.21073638,0.22702646,0.3550117,-0.86043745,9.72E-02,1.56E-05,419
-0.28176728,-2.84E-02,-0.94434273,0.48816222,0.27958512,0.47775403,1.56E-05,420
7.11E-02,0.60873681,-1.75E-02,-0.63219374,-5.96E-03,-0.16528767,1.56E-05,421
7.98E-02,-1.9139714,0.56198961,-0.25520626,-3.46E-02,-0.11109487,1.56E-05,422
0.44791117,-0.14508376,0.20755604,0.40489975,0.27901214,0.37584081,1.56E-05,423
-0.18373226,-0.50842077,0.31303641,-0.36690295,0.20639777,-0.16250274,1.56E-05,424
4.45E-02,0.31086308,-0.84908515,-6.13E-02,4.08E-02,0.35390893,1.56E-05,425
8.32E-02,0.55429268,0.3177295,0.16915843,0.19485541,0.34821907,1.56E-05,426
-0.22944148,0.43234432,-1.164555,-7.73E-02,-0.55524129,-0.30914602,1.56E-05,427
-0.28261086,-0.21988432,2.83E-03,-0.64138913,-0.64642721,-0.41009909,1.56E-05,428
-1.5263776,0.52471161,-0.91205239,-2.83E-02,1.30E-02,0.15842721,1.56E-05,429
-9.18E-02,-1.87E-02,8.18E-02,1.4624324,-0.32549718,3.91E-02,1.56E-05,430
0.10826927,0.14029247,-8.78E-02,-0.82218754,0.85291994,-0.23285641,1.56E-05,431
0.93782294,0.47914577,-3.1227126,1.61E-02,-5.34E-02,0.36229265,1.56E-05,432
-0.68084294,0.33864319,-0.26508373,-0.4032118,0.37193421,-0.47225574,1.56E-05,433
1.213542,-0.7533353,-7.74E-02,0.10745242,-0.53159517,0.36349142,1.56E-05,434
0.78388971,0.11877074,-0.12167536,-0.43779421,-0.12287687,-0.57435441,1.56E-05,435
-9.56E-02,-0.50469637,-0.23670967,5.79E-02,-0.51881617,0.13318002,1.56E-05,436
-0.42703286,0.35126528,-0.30331787,0.30119783,0.12557374,-0.18116665,1.56E-05,437
0.83130497,-0.41820684,-0.54604554,0.10778292,0.27878746,9.99E-02,1.56E-05,438
-2.3209281,0.47639242,-1.8708931,0.17007397,-3.89E-02,1.52E-02,1.56E-05,439
-0.35299051,-0.36421728,-0.18559046,0.71152544,0.28067294,-7.93E-02,1.56E-05,440
-1.9578295,-0.20844007,1.3455557,-2.78E-02,-0.13646154,0.29677355,1.56E-05,441
0.1329584,-0.12052908,0.43291155,-0.4029105,-0.12941553,0.63201529,1.56E-05,442
0.31075662,-0.39199781,0.51490903,0.3882145,-0.31221533,0.3470836,1.56E-05,443
7.62E-02,5.50E-02,0.30804798,0.1793206,0.10987476,-3.52E-02,1.56E-05,444
-8.35E-02,4.57E-03,-0.23128518,0.58284569,-0.16733919,-1.1527236,1.56E-05,445
3.27E-02,-0.52552265,-1.71E-02,0.51850313,-0.1557003,0.77727234,1.56E-05,446
1.4395026,-0.94102299,-0.91536301,0.38334185,0.1934392,1.59E-02,1.56E-05,447
0.47310185,-2.59E-02,-0.13786802,0.15607512,-0.54519618,-3.78E-02,1.56E-05,448
4.91E-02,0.41820347,-6.60E-02,-0.37930408,0.16582695,4.68E-03,1.56E-05,449
7.65E-02,-0.39038298,-0.33386952,2.69E-02,-0.1185789,0.94608617,1.56E-05,450
0.12333457,0.40895811,-0.92318821,0.13230826,-0.19313902,-0.76128012,1.56E-05,451
-1.0580128,-0.43983409,-0.84573174,-5.79E-02,0.53916442,-0.26214311,1.56E-05,452
-0.86848855,-3.2454505,0.68223,2.24E-02,-5.47E-02,-0.1125069,1.56E-05,453
-0.45511863,0.17011173,0.51281112,-0.1148009,-0.24669817,0.27459329,1.56E-05,454
0.79061902,-0.55181652,-0.81762874,-0.49475369,0.26496878,-0.43532699,1.56E-05,455
0.27257299,4.15E-03,0.20640668,0.32755375,-0.11664131,0.45723116,1.56E-05,456
1.4548718,-0.30781177,0.23491815,0.39022258,0.18260302,-0.11339822,1.56E-05,457
-0.17594565,0.10282868,0.33033854,-0.27900186,0.17205499,0.54101068,1.56E-05,458
1.6567512,-1.52E-03,0.64289236,-0.17164281,-0.16038962,0.18104535,1.56E-05,459
0.35997406,1.17E-02,-0.63935089,0.33286268,-0.60067219,-0.61674428,1.56E-05,460
-0.24748865,0.17616427,-9.43E-02,0.34082773,0.57306355,-1.043607,1.56E-05,461
4.38E-02,0.25609678,5.80E-02,-0.19663224,-0.49370652,-0.85908502,1.56E-05,462
0.12215778,0.46703887,1.0282997,4.14E-02,-0.36115217,2.07E-02,1.56E-05,463
1.12E-02,0.41871083,0.14977992,0.14912695,-0.33245033,0.18639956,1.56E-05,464
0.3888073,-0.34470817,1.1209656,0.23139833,8.28E-02,0.25263917,1.56E-05,465
1.5681245,2.3234854,0.11034861,0.13774468,-0.20163751,0.13444416,1.56E-05,466
-0.31961879,6.08E-02,9.43E-02,-0.13757838,-0.71119863,-0.43673083,1.56E-05,467
-0.87385082,1.6255363,-2.5399623,4.34E-02,0.13168627,-0.25333801,1.56E-05,468
-0.53558433,-1.1538578,1.8455604,0.19422594,0.16520731,1.46E-02,1.56E-05,469
-0.2069537,-8.32E-02,1.00E-02,0.33548933,-1.3588989,0.54200894,1.56E-05,470
-0.31517211,-0.36201593,7.41E-02,-0.32244569,6.33E-03,-0.53116745,1.56E-05,471
0.50967324,-0.55580598,-0.71695548,-0.4906759,0.59118527,0.58293205,1.56E-05,472
-3.4275265,2.3266041,-0.90244472,-8.39E-02,-0.14138274,0.12666617,1.56E-05,473
2.7876871,-1.3689588,-0.85272235,0.21817364,0.32060346,-4.25E-02,1.56E-05,474
0.33067247,0.21098484,-0.19278781,-0.23218542,-1.39E-02,0.51698852,1.56E-05,475
0.71347284,-0.76209199,1.9957454,-0.57350409,-2.79E-02,0.26883876,1.56E-05,476
2.32E-02,-8.01E-02,0.22904491,-0.39568558,0.44381046,-0.21692413,1.56E-05,477
-2.65E-02,0.24619633,-0.71918565,-0.15410472,0.72065037,-6.49E-02,1.56E-05,478
-0.30150339,8.69E-02,0.34259909,0.25277561,-0.75955302,-0.41587773,1.56E-05,479
-0.45384422,-1.0735472,0.1542349,-0.35464874,-0.41060144,0.21632469,1.56E-05,480
-0.42042741,-0.11572702,-0.54726022,0.37884435,-0.73584229,-0.30940661,1.56E-05,481
-0.77288473,0.10896994,7.58E-02,0.27538019,1.1638639,0.25196603,1.56E-05,482
0.24119413,-0.71583623,-0.81185883,-4.43E-03,-0.41560832,-0.25278157,1.56E-05,483
0.38701379,0.13188607,-0.11426137,-0.4843007,0.33309513,2.75E-04,1.56E-05,484
0.21272601,0.66734743,-0.26403883,-0.12793326,-0.52432156,0.19558787,1.56E-05,485
1.1317039,-0.53217679,2.08E-02,0.29787454,-0.17558955,-0.65781325,1.56E-05,486
-0.57937723,4.12E-02,0.30330151,-0.6361866,-0.24550442,0.49501827,1.56E-05,487
-0.15944608,-0.91130239,-0.10664455,0.15762274,-0.12126896,-0.58995569,1.56E-05,488
5.07E-02,0.50755799,9.90E-03,-0.48255065,0.28299996,-0.10562027,1.56E-05,489
2.34E-02,-0.31891939,0.55006361,-0.26143616,-0.49691179,9.33E-02,1.56E-05,490
0.16476499,9.00E-02,-0.49751103,-0.32936603,0.34170416,-0.17891288,1.56E-05,491
0.62201822,-8.96E-02,-0.39125454,-0.51091498,0.30722913,0.94481266,1.56E-05,492
-0.12932314,0.26119268,2.50E-02,0.27835232,0.81838566,-0.47353661,1.56E-05,493
2.08E-02,-8.94E-02,-0.1909855,-0.37570438,-0.52986687,0.40418428,1.56E-05,494
8.32E-02,-1.89E-03,-2.85E-02,-7.95E-02,0.25529927,8.10E-02,1.56E-05,495
-1.628058,1.994722,1.2058229,0.17429878,-0.127189,-1.52E-02,1.56E-05,496
-0.15425745,0.12580141,0.38032004,-0.36729604,0.16701098,-6.14E-02,1.56E-05,497
-0.20685962,-0.78354949,0.80393529,7.56E-03,-0.4300831,0.61921948,1.56E-05,498
-0.28600091,0.16061869,-0.23982982,-4.60E-02,0.54330409,0.18834829,1.56E-05,499
0.95964801,-4.85E-02,-0.94476074,0.34630418,-0.5564568,-2.90E-02,1.56E-05,500
